<?xml version="1.0" encoding="UTF-8"?>
<beans xmlns="http://www.springframework.org/schema/beans"
    xmlns:xsi="http://www.w3.org/2001/XMLSchema-instance" xmlns:aop="http://www.springframework.org/schema/aop"
    xmlns:context="http://www.springframework.org/schema/context" xmlns:tx="http://www.springframework.org/schema/tx"
    xsi:schemaLocation="
    http://www.springframework.org/schema/beans
    http://www.springframework.org/schema/beans/spring-beans.xsd
    http://www.springframework.org/schema/aop
    http://www.springframework.org/schema/aop/spring-aop.xsd
    http://www.springframework.org/schema/context
    http://www.springframework.org/schema/context/spring-context.xsd
    http://www.springframework.org/schema/tx
    http://www.springframework.org/schema/tx/spring-tx.xsd">
    
    <tx:annotation-driven proxy-target-class="true" />
    <context:component-scan base-package="com.cg.jpacrud.service"></context:component-scan>
    <context:component-scan base-package="com.cg.jpacrud.dao"></context:component-scan>

 

    <bean id="dbconn"
        class="org.springframework.jdbc.datasource.DriverManagerDataSource">
        <property name="driverClassName" value="${db.driverClassName}"></property>
        <property name="url" value="${db.url}"></property>
        <property name="username" value="${db.username}"></property>
        <property name="password" value="${db.password}"></property>
    </bean>

 

    <bean id="entityManagerFactory"
        
class="org.springframework.orm.jpa.LocalContainerEntityManagerFactoryBean">
        <property name="dataSource" ref="dbconn"></property>
        <property name="packagesToScan">
            <array>
                <value>com.cg.jpacrud.entities</value>
            </array>
        </property>
        <property name="jpaVendorAdapter">
            <bean class="org.springframework.orm.jpa.vendor.HibernateJpaVendorAdapter"></bean>
        </property>

 

        <property name="jpaProperties">
            <props>
                <prop key="hibernate.dialect">org.hibernate.dialect.OracleDialect</prop>
                <prop key="hibernate.hbm2ddl.auto">update</prop>
                <prop key="hibernate.show_sql">false</prop>
                <prop key="hibernate.format_sql">false</prop>
            </props>
        </property>
    </bean>
    <bean id="transactionManager" class="org.springframework.orm.jpa.JpaTransactionManager">
        <property name="entityManagerFactory" ref="entityManagerFactory"></property>
    </bean>
    <bean
        class="org.springframework.beans.factory.config.PropertyPlaceholderConfigurer">
        <property name="locations">
            <list>
                <value>database.properties</value>
            </list>
        </property>
    </bean>

 

</beans>